"","Description","Category","Gifts","GC.Id","Relevance.score","GeneCards.Link"
"MT-CO1","Mitochondrially Encoded Cytochrome C Oxidase I","Protein Coding",36,"GCMTP005906",32.29,"https://www.genecards.org/cgi-bin/carddisp.pl?gene=MT-CO1"
"MT-ND1","Mitochondrially Encoded NADH:Ubiquinone Oxidoreductase Core Subunit 1","Protein Coding",36,"GCMTP003309",30.45,"https://www.genecards.org/cgi-bin/carddisp.pl?gene=MT-ND1"
"MT-ND4","Mitochondrially Encoded NADH:Ubiquinone Oxidoreductase Core Subunit 4","Protein Coding",36,"GCMTP010762",27.93,"https://www.genecards.org/cgi-bin/carddisp.pl?gene=MT-ND4"
"MT-ND6","Mitochondrially Encoded NADH:Ubiquinone Oxidoreductase Core Subunit 6","Protein Coding",36,"GCMTM014151",27.73,"https://www.genecards.org/cgi-bin/carddisp.pl?gene=MT-ND6"
"AIFM1","Apoptosis Inducing Factor Mitochondria Associated 1","Protein Coding",57,"GC0XM130129",27.57,"https://www.genecards.org/cgi-bin/carddisp.pl?gene=AIFM1"
"MT-CO2","Mitochondrially Encoded Cytochrome C Oxidase II","Protein Coding",36,"GCMTP007587",27.53,"https://www.genecards.org/cgi-bin/carddisp.pl?gene=MT-CO2"
"MT-ND5","Mitochondrially Encoded NADH:Ubiquinone Oxidoreductase Core Subunit 5","Protein Coding",35,"GCMTP012339",26.79,"https://www.genecards.org/cgi-bin/carddisp.pl?gene=MT-ND5"
"MT-ATP6","Mitochondrially Encoded ATP Synthase Membrane Subunit 6","Protein Coding",36,"GCMTP008531",26.36,"https://www.genecards.org/cgi-bin/carddisp.pl?gene=MT-ATP6"
"MT-ND3","Mitochondrially Encoded NADH:Ubiquinone Oxidoreductase Core Subunit 3","Protein Coding",36,"GCMTP010061",26.34,"https://www.genecards.org/cgi-bin/carddisp.pl?gene=MT-ND3"
"MT-TL1","Mitochondrially Encoded TRNA Leucine 1 (UUA/G)","RNA Gene",16,"GCMTP003232",24.65,"https://www.genecards.org/cgi-bin/carddisp.pl?gene=MT-TL1"
"MT-CYB","Mitochondrially Encoded Cytochrome B","Protein Coding",36,"GCMTP014749",24.54,"https://www.genecards.org/cgi-bin/carddisp.pl?gene=MT-CYB"
"MT-ND2","Mitochondrially Encoded NADH:Ubiquinone Oxidoreductase Core Subunit 2","Protein Coding",36,"GCMTP004472",23.12,"https://www.genecards.org/cgi-bin/carddisp.pl?gene=MT-ND2"
"TK2","Thymidine Kinase 2, Mitochondrial","Protein Coding",50,"GC16M066542",22.32,"https://www.genecards.org/cgi-bin/carddisp.pl?gene=TK2"
"MT-CO3","Mitochondrially Encoded Cytochrome C Oxidase III","Protein Coding",32,"GCMTP009209",21.61,"https://www.genecards.org/cgi-bin/carddisp.pl?gene=MT-CO3"
"OPA1","OPA1, Mitochondrial Dynamin Like GTPase","Protein Coding",50,"GC03P193594",21.55,"https://www.genecards.org/cgi-bin/carddisp.pl?gene=OPA1"
"TFAM","Transcription Factor A, Mitochondrial","Protein Coding",50,"GC10P058385",21.09,"https://www.genecards.org/cgi-bin/carddisp.pl?gene=TFAM"
"MT-TK","Mitochondrially Encoded TRNA Lysine","RNA Gene",15,"GCMTP008297",20.55,"https://www.genecards.org/cgi-bin/carddisp.pl?gene=MT-TK"
"MTFMT","Mitochondrial Methionyl-TRNA Formyltransferase","Protein Coding",48,"GC15M065001",19.2,"https://www.genecards.org/cgi-bin/carddisp.pl?gene=MTFMT"
"TIMMDC1","Translocase Of Inner Mitochondrial Membrane Domain Containing 1","Protein Coding",40,"GC03P119498",18.63,"https://www.genecards.org/cgi-bin/carddisp.pl?gene=TIMMDC1"
"MT-ATP8","Mitochondrially Encoded ATP Synthase Membrane Subunit 8","Protein Coding",32,"GCMTP008368",17.73,"https://www.genecards.org/cgi-bin/carddisp.pl?gene=MT-ATP8"
"CLUH","Clustered Mitochondria Homolog","Protein Coding",39,"GC17M002689",17.36,"https://www.genecards.org/cgi-bin/carddisp.pl?gene=CLUH"
"MT-TW","Mitochondrially Encoded TRNA Tryptophan","RNA Gene",14,"GCMTP005514",16.76,"https://www.genecards.org/cgi-bin/carddisp.pl?gene=MT-TW"
"MT-TN","Mitochondrially Encoded TRNA Asparagine","RNA Gene",13,"GCMTM005659",15.61,"https://www.genecards.org/cgi-bin/carddisp.pl?gene=MT-TN"
"MT-TE","Mitochondrially Encoded TRNA Glutamic Acid","RNA Gene",13,"GCMTM014676",15.56,"https://www.genecards.org/cgi-bin/carddisp.pl?gene=MT-TE"
"TOMM40","Translocase Of Outer Mitochondrial Membrane 40","Protein Coding",45,"GC19P044890",15.51,"https://www.genecards.org/cgi-bin/carddisp.pl?gene=TOMM40"
"APOPT1","Apoptogenic 1, Mitochondrial","Protein Coding",36,"GC14P103563",14.82,"https://www.genecards.org/cgi-bin/carddisp.pl?gene=APOPT1"
"MGARP","Mitochondria Localized Glutamic Acid Rich Protein","Protein Coding",36,"GC04M139266",14.53,"https://www.genecards.org/cgi-bin/carddisp.pl?gene=MGARP"
"DIABLO","Diablo IAP-Binding Mitochondrial Protein","Protein Coding",55,"GC12M122208",14.26,"https://www.genecards.org/cgi-bin/carddisp.pl?gene=DIABLO"
"MT-TS1","Mitochondrially Encoded TRNA Serine 1 (UCN)","RNA Gene",15,"GCMTM007447",14.11,"https://www.genecards.org/cgi-bin/carddisp.pl?gene=MT-TS1"
"MT-TQ","Mitochondrially Encoded TRNA Glutamine","RNA Gene",13,"GCMTM004331",13.53,"https://www.genecards.org/cgi-bin/carddisp.pl?gene=MT-TQ"
"MT-TM","Mitochondrially Encoded TRNA Methionine","RNA Gene",13,"GCMTP004404",13.36,"https://www.genecards.org/cgi-bin/carddisp.pl?gene=MT-TM"
"MT-TL2","Mitochondrially Encoded TRNA Leucine 2 (CUN)","RNA Gene",14,"GCMTP012268",13.33,"https://www.genecards.org/cgi-bin/carddisp.pl?gene=MT-TL2"
"MT-TA","Mitochondrially Encoded TRNA Alanine","RNA Gene",13,"GCMTM005589",13.14,"https://www.genecards.org/cgi-bin/carddisp.pl?gene=MT-TA"
"GFM2","G Elongation Factor Mitochondrial 2","Protein Coding",45,"GC05M074721",12.75,"https://www.genecards.org/cgi-bin/carddisp.pl?gene=GFM2"
"MT-TF","Mitochondrially Encoded TRNA Phenylalanine","RNA Gene",14,"GCMTP000580",12.5,"https://www.genecards.org/cgi-bin/carddisp.pl?gene=MT-TF"
"MT-TS2","Mitochondrially Encoded TRNA Serine 2 (AGU/C)","RNA Gene",15,"GCMTP012215",12.39,"https://www.genecards.org/cgi-bin/carddisp.pl?gene=MT-TS2"
"MT-TH","Mitochondrially Encoded TRNA Histidine","RNA Gene",14,"GCMTP012140",12.29,"https://www.genecards.org/cgi-bin/carddisp.pl?gene=MT-TH"
"MT-TV","Mitochondrially Encoded TRNA Valine","RNA Gene",16,"GCMTP001605",12.05,"https://www.genecards.org/cgi-bin/carddisp.pl?gene=MT-TV"
"MT-TY","Mitochondrially Encoded TRNA Tyrosine","RNA Gene",11,"GCMTM005828",11.5,"https://www.genecards.org/cgi-bin/carddisp.pl?gene=MT-TY"
"SMCP","Sperm Mitochondria Associated Cysteine Rich Protein","Protein Coding",39,"GC01P152850",10.9,"https://www.genecards.org/cgi-bin/carddisp.pl?gene=SMCP"
"MFF","Mitochondrial Fission Factor","Protein Coding",44,"GC02P227325",10.8,"https://www.genecards.org/cgi-bin/carddisp.pl?gene=MFF"
"MT-TC","Mitochondrially Encoded TRNA Cysteine","RNA Gene",11,"GCMTM005763",10.42,"https://www.genecards.org/cgi-bin/carddisp.pl?gene=MT-TC"
"IDH2","Isocitrate Dehydrogenase (NADP(+)) 2, Mitochondrial","Protein Coding",59,"GC15M090083",10.32,"https://www.genecards.org/cgi-bin/carddisp.pl?gene=IDH2"
"MT-ND4L","Mitochondrially Encoded NADH:Ubiquinone Oxidoreductase Core Subunit 4L","Protein Coding",32,"GCMTP010472",10.27,"https://www.genecards.org/cgi-bin/carddisp.pl?gene=MT-ND4L"
"MT-TT","Mitochondrially Encoded TRNA Threonine","RNA Gene",16,"GCMTP015890",10.23,"https://www.genecards.org/cgi-bin/carddisp.pl?gene=MT-TT"
"SARS2","Seryl-TRNA Synthetase 2, Mitochondrial","Protein Coding",49,"GC19M039079",9.81,"https://www.genecards.org/cgi-bin/carddisp.pl?gene=SARS2"
"LONP1","Lon Peptidase 1, Mitochondrial","Protein Coding",49,"GC19M005691",9.8,"https://www.genecards.org/cgi-bin/carddisp.pl?gene=LONP1"
"EARS2","Glutamyl-TRNA Synthetase 2, Mitochondrial","Protein Coding",45,"GC16M023533",9.77,"https://www.genecards.org/cgi-bin/carddisp.pl?gene=EARS2"
"MICU1","Mitochondrial Calcium Uptake 1","Protein Coding",45,"GC10M072367",9.73,"https://www.genecards.org/cgi-bin/carddisp.pl?gene=MICU1"
"MSTO1","Misato 1, Mitochondrial Distribution And Morphology Regulator","Protein Coding",44,"GC01P155610",9.66,"https://www.genecards.org/cgi-bin/carddisp.pl?gene=MSTO1"
"MT-TD","Mitochondrially Encoded TRNA Aspartic Acid","RNA Gene",13,"GCMTP007520",9.29,"https://www.genecards.org/cgi-bin/carddisp.pl?gene=MT-TD"
"FIS1","Fission, Mitochondrial 1","Protein Coding",45,"GC07M101239",9.22,"https://www.genecards.org/cgi-bin/carddisp.pl?gene=FIS1"
"IMMT","Inner Membrane Mitochondrial Protein","Protein Coding",45,"GC02M086144",9.16,"https://www.genecards.org/cgi-bin/carddisp.pl?gene=IMMT"
"MT-TR","Mitochondrially Encoded TRNA Arginine","RNA Gene",13,"GCMTP010407",9.09,"https://www.genecards.org/cgi-bin/carddisp.pl?gene=MT-TR"
"NARS2","Asparaginyl-TRNA Synthetase 2, Mitochondrial","Protein Coding",49,"GC11M078435",8.77,"https://www.genecards.org/cgi-bin/carddisp.pl?gene=NARS2"
"CKMT2","Creatine Kinase, Mitochondrial 2","Protein Coding",49,"GC05P081232",8.74,"https://www.genecards.org/cgi-bin/carddisp.pl?gene=CKMT2"
"TIMM8A","Translocase Of Inner Mitochondrial Membrane 8A","Protein Coding",49,"GC0XM101345",8.69,"https://www.genecards.org/cgi-bin/carddisp.pl?gene=TIMM8A"
"OPA3","OPA3, Outer Mitochondrial Membrane Lipid Metabolism Regulator","Protein Coding",45,"GC19M045527",8.02,"https://www.genecards.org/cgi-bin/carddisp.pl?gene=OPA3"
"TUFM","Tu Translation Elongation Factor, Mitochondrial","Protein Coding",50,"GC16M028853",7.87,"https://www.genecards.org/cgi-bin/carddisp.pl?gene=TUFM"
"MCU","Mitochondrial Calcium Uniporter","Protein Coding",40,"GC10P072692",7.82,"https://www.genecards.org/cgi-bin/carddisp.pl?gene=MCU"
"MT-RNR1","Mitochondrially Encoded 12S RNA","RNA Gene",17,"GCMTP000651",7.64,"https://www.genecards.org/cgi-bin/carddisp.pl?gene=MT-RNR1"
"MRPS7","Mitochondrial Ribosomal Protein S7","Protein Coding",44,"GC17P075262",7.36,"https://www.genecards.org/cgi-bin/carddisp.pl?gene=MRPS7"
"MAVS","Mitochondrial Antiviral Signaling Protein","Protein Coding",47,"GC20P003827",7.04,"https://www.genecards.org/cgi-bin/carddisp.pl?gene=MAVS"
"MTERF1","Mitochondrial Transcription Termination Factor 1","Protein Coding",38,"GC07M091692",7,"https://www.genecards.org/cgi-bin/carddisp.pl?gene=MTERF1"
"MIPEP","Mitochondrial Intermediate Peptidase","Protein Coding",47,"GC13M023730",6.96,"https://www.genecards.org/cgi-bin/carddisp.pl?gene=MIPEP"
"MRPS34","Mitochondrial Ribosomal Protein S34","Protein Coding",42,"GC16M001771",6.88,"https://www.genecards.org/cgi-bin/carddisp.pl?gene=MRPS34"
"TOMM34","Translocase Of Outer Mitochondrial Membrane 34","Protein Coding",43,"GC20M044942",6.76,"https://www.genecards.org/cgi-bin/carddisp.pl?gene=TOMM34"
"MT-TP","Mitochondrially Encoded TRNA Proline","RNA Gene",12,"GCMTM015957",6.65,"https://www.genecards.org/cgi-bin/carddisp.pl?gene=MT-TP"
"TOMM22","Translocase Of Outer Mitochondrial Membrane 22","Protein Coding",42,"GC22P038681",6.46,"https://www.genecards.org/cgi-bin/carddisp.pl?gene=TOMM22"
"MRPL43","Mitochondrial Ribosomal Protein L43","Protein Coding",43,"GC10M100969",6.39,"https://www.genecards.org/cgi-bin/carddisp.pl?gene=MRPL43"
"MRPS23","Mitochondrial Ribosomal Protein S23","Protein Coding",43,"GC17M057834",6.33,"https://www.genecards.org/cgi-bin/carddisp.pl?gene=MRPS23"
"MPC1","Mitochondrial Pyruvate Carrier 1","Protein Coding",47,"GC06M166364",6.31,"https://www.genecards.org/cgi-bin/carddisp.pl?gene=MPC1"
"TOMM20","Translocase Of Outer Mitochondrial Membrane 20","Protein Coding",45,"GC01M235109",6.14,"https://www.genecards.org/cgi-bin/carddisp.pl?gene=TOMM20"
"GTPBP3","GTP Binding Protein 3, Mitochondrial","Protein Coding",47,"GC19P020009",6.12,"https://www.genecards.org/cgi-bin/carddisp.pl?gene=GTPBP3"
"NDUFA4","NDUFA4, Mitochondrial Complex Associated","Protein Coding",47,"GC07M010938",6.1,"https://www.genecards.org/cgi-bin/carddisp.pl?gene=NDUFA4"
"MECR","Mitochondrial Trans-2-Enoyl-CoA Reductase","Protein Coding",49,"GC01M029192",5.99,"https://www.genecards.org/cgi-bin/carddisp.pl?gene=MECR"
"PGAM5","PGAM Family Member 5, Mitochondrial Serine/Threonine Protein Phosphatase","Protein Coding",41,"GC12P132710",5.61,"https://www.genecards.org/cgi-bin/carddisp.pl?gene=PGAM5"
"DARS2","Aspartyl-TRNA Synthetase 2, Mitochondrial","Protein Coding",49,"GC01P173824",5.42,"https://www.genecards.org/cgi-bin/carddisp.pl?gene=DARS2"
"LARS2","Leucyl-TRNA Synthetase 2, Mitochondrial","Protein Coding",52,"GC03P045405",5.25,"https://www.genecards.org/cgi-bin/carddisp.pl?gene=LARS2"
"HSCB","HscB Mitochondrial Iron-Sulfur Cluster Cochaperone","Protein Coding",40,"GC22P028742",5.18,"https://www.genecards.org/cgi-bin/carddisp.pl?gene=HSCB"
"TIMM17A","Translocase Of Inner Mitochondrial Membrane 17A","Protein Coding",44,"GC01P201924",5.1,"https://www.genecards.org/cgi-bin/carddisp.pl?gene=TIMM17A"
"AIFM3","Apoptosis Inducing Factor, Mitochondria Associated 3","Protein Coding",42,"GC22P020965",5.05,"https://www.genecards.org/cgi-bin/carddisp.pl?gene=AIFM3"
"ATPAF2","ATP Synthase Mitochondrial F1 Complex Assembly Factor 2","Protein Coding",44,"GC17M017977",5.04,"https://www.genecards.org/cgi-bin/carddisp.pl?gene=ATPAF2"
"CLUHP3","Clustered Mitochondria Homolog Pseudogene 3","Pseudogene",19,"GC16P031713",5.02,"https://www.genecards.org/cgi-bin/carddisp.pl?gene=CLUHP3"
"OXA1L","OXA1L, Mitochondrial Inner Membrane Protein","Protein Coding",44,"GC14P022766",5.01,"https://www.genecards.org/cgi-bin/carddisp.pl?gene=OXA1L"
"MT-TI","Mitochondrially Encoded TRNA Isoleucine","RNA Gene",13,"GCMTP004265",4.9,"https://www.genecards.org/cgi-bin/carddisp.pl?gene=MT-TI"
"MUL1","Mitochondrial E3 Ubiquitin Protein Ligase 1","Protein Coding",41,"GC01M020499",4.86,"https://www.genecards.org/cgi-bin/carddisp.pl?gene=MUL1"
"MRPL41","Mitochondrial Ribosomal Protein L41","Protein Coding",39,"GC09P137551",4.81,"https://www.genecards.org/cgi-bin/carddisp.pl?gene=MRPL41"
"OXSM","3-Oxoacyl-ACP Synthase, Mitochondrial","Protein Coding",44,"GC03P025782",4.71,"https://www.genecards.org/cgi-bin/carddisp.pl?gene=OXSM"
"GPAM","Glycerol-3-Phosphate Acyltransferase, Mitochondrial","Protein Coding",49,"GC10M112148",4.56,"https://www.genecards.org/cgi-bin/carddisp.pl?gene=GPAM"
"TIMM50","Translocase Of Inner Mitochondrial Membrane 50","Protein Coding",43,"GC19P039480",4.52,"https://www.genecards.org/cgi-bin/carddisp.pl?gene=TIMM50"
"CLPX","Caseinolytic Mitochondrial Matrix Peptidase Chaperone Subunit","Protein Coding",45,"GC15M065148",4.45,"https://www.genecards.org/cgi-bin/carddisp.pl?gene=CLPX"
"IARS2","Isoleucyl-TRNA Synthetase 2, Mitochondrial","Protein Coding",45,"GC01P220094",4.11,"https://www.genecards.org/cgi-bin/carddisp.pl?gene=IARS2"
"PMPCB","Peptidase, Mitochondrial Processing Beta Subunit","Protein Coding",45,"GC07P103297",4.1,"https://www.genecards.org/cgi-bin/carddisp.pl?gene=PMPCB"
"MRPS16","Mitochondrial Ribosomal Protein S16","Protein Coding",48,"GC10M073248",4.05,"https://www.genecards.org/cgi-bin/carddisp.pl?gene=MRPS16"
"MPC2","Mitochondrial Pyruvate Carrier 2","Protein Coding",42,"GC01M167886",4.02,"https://www.genecards.org/cgi-bin/carddisp.pl?gene=MPC2"
"TIMM44","Translocase Of Inner Mitochondrial Membrane 44","Protein Coding",43,"GC19M007926",4.02,"https://www.genecards.org/cgi-bin/carddisp.pl?gene=TIMM44"
"CKMT1B","Creatine Kinase, Mitochondrial 1B","Protein Coding",42,"GC15P043593",4,"https://www.genecards.org/cgi-bin/carddisp.pl?gene=CKMT1B"
"TSFM","Ts Translation Elongation Factor, Mitochondrial","Protein Coding",49,"GC12P057778",3.99,"https://www.genecards.org/cgi-bin/carddisp.pl?gene=TSFM"
"TIMM13","Translocase Of Inner Mitochondrial Membrane 13","Protein Coding",42,"GC19M002425",3.95,"https://www.genecards.org/cgi-bin/carddisp.pl?gene=TIMM13"
"TOMM7","Translocase Of Outer Mitochondrial Membrane 7","Protein Coding",41,"GC07M022853",3.89,"https://www.genecards.org/cgi-bin/carddisp.pl?gene=TOMM7"
"TEFM","Transcription Elongation Factor, Mitochondrial","Protein Coding",37,"GC17M030897",3.85,"https://www.genecards.org/cgi-bin/carddisp.pl?gene=TEFM"
"TIMM23","Translocase Of Inner Mitochondrial Membrane 23","Protein Coding",36,"GC10P045972",3.84,"https://www.genecards.org/cgi-bin/carddisp.pl?gene=TIMM23"
"RARS2","Arginyl-TRNA Synthetase 2, Mitochondrial","Protein Coding",47,"GC06M087514",3.84,"https://www.genecards.org/cgi-bin/carddisp.pl?gene=RARS2"
"TOMM70","Translocase Of Outer Mitochondrial Membrane 70","Protein Coding",32,"GC03M100364",3.81,"https://www.genecards.org/cgi-bin/carddisp.pl?gene=TOMM70"
"MRPL18","Mitochondrial Ribosomal Protein L18","Protein Coding",41,"GC06P159789",3.71,"https://www.genecards.org/cgi-bin/carddisp.pl?gene=MRPL18"
"MMDFS","Multiple Mitochondrial Dysfunctions Syndrome","Genetic Locus",3,"GC00U934017",3.64,"https://www.genecards.org/cgi-bin/carddisp.pl?gene=MMDFS"
"IMMP2L","Inner Mitochondrial Membrane Peptidase Subunit 2","Protein Coding",44,"GC07M110663",3.62,"https://www.genecards.org/cgi-bin/carddisp.pl?gene=IMMP2L"
"TOMM40L","Translocase Of Outer Mitochondrial Membrane 40 Like","Protein Coding",40,"GC01P161225",3.55,"https://www.genecards.org/cgi-bin/carddisp.pl?gene=TOMM40L"
"AIFM2","Apoptosis Inducing Factor, Mitochondria Associated 2","Protein Coding",44,"GC10M070098",3.55,"https://www.genecards.org/cgi-bin/carddisp.pl?gene=AIFM2"
"TIMM22","Translocase Of Inner Mitochondrial Membrane 22","Protein Coding",39,"GC17P000997",3.55,"https://www.genecards.org/cgi-bin/carddisp.pl?gene=TIMM22"
"GFM1","G Elongation Factor Mitochondrial 1","Protein Coding",50,"GC03P158644",3.51,"https://www.genecards.org/cgi-bin/carddisp.pl?gene=GFM1"
"FTMT","Ferritin Mitochondrial","Protein Coding",42,"GC05P121851",3.44,"https://www.genecards.org/cgi-bin/carddisp.pl?gene=FTMT"
"MTIF2","Mitochondrial Translational Initiation Factor 2","Protein Coding",44,"GC02M055236",3.39,"https://www.genecards.org/cgi-bin/carddisp.pl?gene=MTIF2"
"MTRF1","Mitochondrial Translation Release Factor 1","Protein Coding",40,"GC13M041216",3.38,"https://www.genecards.org/cgi-bin/carddisp.pl?gene=MTRF1"
"TIMM9","Translocase Of Inner Mitochondrial Membrane 9","Protein Coding",42,"GC14M058408",3.36,"https://www.genecards.org/cgi-bin/carddisp.pl?gene=TIMM9"
"MT-RNR2","Mitochondrially Encoded 16S RNA","RNA Gene",18,"GCMTP001674",3.31,"https://www.genecards.org/cgi-bin/carddisp.pl?gene=MT-RNR2"
"TIMM10","Translocase Of Inner Mitochondrial Membrane 10","Protein Coding",40,"GC11M057558",3.27,"https://www.genecards.org/cgi-bin/carddisp.pl?gene=TIMM10"
"CLUHP2","Clustered Mitochondria Homolog Pseudogene 2","Pseudogene",7,"GC0YP018280",3.23,"https://www.genecards.org/cgi-bin/carddisp.pl?gene=CLUHP2"
"CLUHP6","Clustered Mitochondria Homolog Pseudogene 6","Pseudogene",7,"GC18M032196",3.23,"https://www.genecards.org/cgi-bin/carddisp.pl?gene=CLUHP6"
"CLUHP4","Clustered Mitochondria Homolog Pseudogene 4","Pseudogene",6,"GC04M190057",3.23,"https://www.genecards.org/cgi-bin/carddisp.pl?gene=CLUHP4"
"CLUHP5","Clustered Mitochondria Homolog Pseudogene 5","Pseudogene",6,"GC10M133657",3.23,"https://www.genecards.org/cgi-bin/carddisp.pl?gene=CLUHP5"
"CLUHP8","Clustered Mitochondria Homolog Pseudogene 8","Pseudogene",6,"GC12P038082",3.23,"https://www.genecards.org/cgi-bin/carddisp.pl?gene=CLUHP8"
"CLUHP1","Clustered Mitochondria Homolog Pseudogene 1","Pseudogene",5,"GC0YM017621",3.23,"https://www.genecards.org/cgi-bin/carddisp.pl?gene=CLUHP1"
"CLUHP10","Clustered Mitochondria Homolog Pseudogene 10","Pseudogene",5,"GC03P075629",3.23,"https://www.genecards.org/cgi-bin/carddisp.pl?gene=CLUHP10"
"CLUHP11","Clustered Mitochondria Homolog Pseudogene 11","Pseudogene",5,"GC16P035403",3.23,"https://www.genecards.org/cgi-bin/carddisp.pl?gene=CLUHP11"
"CLUHP7","Clustered Mitochondria Homolog Pseudogene 7","Pseudogene",5,"GC07P065262",3.23,"https://www.genecards.org/cgi-bin/carddisp.pl?gene=CLUHP7"
"CLUHP9","Clustered Mitochondria Homolog Pseudogene 9","Pseudogene",4,"GC13P024742",3.23,"https://www.genecards.org/cgi-bin/carddisp.pl?gene=CLUHP9"
"MRPL12","Mitochondrial Ribosomal Protein L12","Protein Coding",44,"GC17P081704",3.18,"https://www.genecards.org/cgi-bin/carddisp.pl?gene=MRPL12"
"MRPS12","Mitochondrial Ribosomal Protein S12","Protein Coding",44,"GC19P038930",3.15,"https://www.genecards.org/cgi-bin/carddisp.pl?gene=MRPS12"
"MRPL58","Mitochondrial Ribosomal Protein L58","Protein Coding",33,"GC17P075013",3.13,"https://www.genecards.org/cgi-bin/carddisp.pl?gene=MRPL58"
"CKMT1A","Creatine Kinase, Mitochondrial 1A","Protein Coding",41,"GC15P043693",3.04,"https://www.genecards.org/cgi-bin/carddisp.pl?gene=CKMT1A"
"MPV17","MPV17, Mitochondrial Inner Membrane Protein","Protein Coding",48,"GC02M027277",3.04,"https://www.genecards.org/cgi-bin/carddisp.pl?gene=MPV17"
"TRMT10C","TRNA Methyltransferase 10C, Mitochondrial RNase P Subunit","Protein Coding",40,"GC03P101561",3.02,"https://www.genecards.org/cgi-bin/carddisp.pl?gene=TRMT10C"
"MRPL40","Mitochondrial Ribosomal Protein L40","Protein Coding",42,"GC22P019419",3.01,"https://www.genecards.org/cgi-bin/carddisp.pl?gene=MRPL40"
"RMRP","RNA Component Of Mitochondrial RNA Processing Endoribonuclease","RNA Gene",27,"GC09M035655",2.95,"https://www.genecards.org/cgi-bin/carddisp.pl?gene=RMRP"
"CLPP","Caseinolytic Mitochondrial Matrix Peptidase Proteolytic Subunit","Protein Coding",50,"GC19P006373",2.92,"https://www.genecards.org/cgi-bin/carddisp.pl?gene=CLPP"
"MRPL19","Mitochondrial Ribosomal Protein L19","Protein Coding",43,"GC02P075646",2.89,"https://www.genecards.org/cgi-bin/carddisp.pl?gene=MRPL19"
"MINOS1","Mitochondrial Inner Membrane Organizing System 1","Protein Coding",38,"GC01P019598",2.89,"https://www.genecards.org/cgi-bin/carddisp.pl?gene=MINOS1"
"TIMM17B","Translocase Of Inner Mitochondrial Membrane 17B","Protein Coding",42,"GC0XM048893",2.87,"https://www.genecards.org/cgi-bin/carddisp.pl?gene=TIMM17B"
"MRPL20","Mitochondrial Ribosomal Protein L20","Protein Coding",42,"GC01M001401",2.87,"https://www.genecards.org/cgi-bin/carddisp.pl?gene=MRPL20"
"MRPL23","Mitochondrial Ribosomal Protein L23","Protein Coding",43,"GC11P001972",2.85,"https://www.genecards.org/cgi-bin/carddisp.pl?gene=MRPL23"
"MRPL9","Mitochondrial Ribosomal Protein L9","Protein Coding",39,"GC01M151759",2.82,"https://www.genecards.org/cgi-bin/carddisp.pl?gene=MRPL9"
"MTCH2","Mitochondrial Carrier 2","Protein Coding",45,"GC11M054923",2.74,"https://www.genecards.org/cgi-bin/carddisp.pl?gene=MTCH2"
"MRPL1","Mitochondrial Ribosomal Protein L1","Protein Coding",44,"GC04P077862",2.73,"https://www.genecards.org/cgi-bin/carddisp.pl?gene=MRPL1"
"AIFM1P1","Apoptosis Inducing Factor, Mitochondria Associated 1 Pseudogene 1","Pseudogene",7,"GC10P018735",2.72,"https://www.genecards.org/cgi-bin/carddisp.pl?gene=AIFM1P1"
"MRPL11","Mitochondrial Ribosomal Protein L11","Protein Coding",44,"GC11M066452",2.7,"https://www.genecards.org/cgi-bin/carddisp.pl?gene=MRPL11"
"MRPL36","Mitochondrial Ribosomal Protein L36","Protein Coding",39,"GC05M001851",2.7,"https://www.genecards.org/cgi-bin/carddisp.pl?gene=MRPL36"
"POLRMT","RNA Polymerase Mitochondrial","Protein Coding",47,"GC19M000617",2.68,"https://www.genecards.org/cgi-bin/carddisp.pl?gene=POLRMT"
"PARS2","Prolyl-TRNA Synthetase 2, Mitochondrial","Protein Coding",44,"GC01M054756",2.67,"https://www.genecards.org/cgi-bin/carddisp.pl?gene=PARS2"
"MRPL14","Mitochondrial Ribosomal Protein L14","Protein Coding",42,"GC06M044189",2.64,"https://www.genecards.org/cgi-bin/carddisp.pl?gene=MRPL14"
"MRPS22","Mitochondrial Ribosomal Protein S22","Protein Coding",47,"GC03P139005",2.64,"https://www.genecards.org/cgi-bin/carddisp.pl?gene=MRPS22"
"MRPL22","Mitochondrial Ribosomal Protein L22","Protein Coding",40,"GC05P154916",2.6,"https://www.genecards.org/cgi-bin/carddisp.pl?gene=MRPL22"
"GRPEL1","GrpE Like 1, Mitochondrial","Protein Coding",44,"GC04M007060",2.58,"https://www.genecards.org/cgi-bin/carddisp.pl?gene=GRPEL1"
"MRPL2","Mitochondrial Ribosomal Protein L2","Protein Coding",42,"GC06M043054",2.56,"https://www.genecards.org/cgi-bin/carddisp.pl?gene=MRPL2"
"MRPS18B","Mitochondrial Ribosomal Protein S18B","Protein Coding",42,"GC06P030617",2.55,"https://www.genecards.org/cgi-bin/carddisp.pl?gene=MRPS18B"
"MRPL10","Mitochondrial Ribosomal Protein L10","Protein Coding",42,"GC17M047824",2.53,"https://www.genecards.org/cgi-bin/carddisp.pl?gene=MRPL10"
"MRPL21","Mitochondrial Ribosomal Protein L21","Protein Coding",42,"GC11M068908",2.53,"https://www.genecards.org/cgi-bin/carddisp.pl?gene=MRPL21"
"MRPL51","Mitochondrial Ribosomal Protein L51","Protein Coding",39,"GC12M006471",2.53,"https://www.genecards.org/cgi-bin/carddisp.pl?gene=MRPL51"
"MRPL46","Mitochondrial Ribosomal Protein L46","Protein Coding",42,"GC15M088460",2.51,"https://www.genecards.org/cgi-bin/carddisp.pl?gene=MRPL46"
"MRPL47","Mitochondrial Ribosomal Protein L47","Protein Coding",39,"GC03M179588",2.49,"https://www.genecards.org/cgi-bin/carddisp.pl?gene=MRPL47"
"MRPL28","Mitochondrial Ribosomal Protein L28","Protein Coding",42,"GC16M000357",2.46,"https://www.genecards.org/cgi-bin/carddisp.pl?gene=MRPL28"
"MRPL57","Mitochondrial Ribosomal Protein L57","Protein Coding",34,"GC13P021176",2.46,"https://www.genecards.org/cgi-bin/carddisp.pl?gene=MRPL57"
"MRPL44","Mitochondrial Ribosomal Protein L44","Protein Coding",45,"GC02P223957",2.44,"https://www.genecards.org/cgi-bin/carddisp.pl?gene=MRPL44"
"MRPL37","Mitochondrial Ribosomal Protein L37","Protein Coding",42,"GC01P054185",2.41,"https://www.genecards.org/cgi-bin/carddisp.pl?gene=MRPL37"
"MRPL42","Mitochondrial Ribosomal Protein L42","Protein Coding",42,"GC12P093467",2.41,"https://www.genecards.org/cgi-bin/carddisp.pl?gene=MRPL42"
"MRPL45","Mitochondrial Ribosomal Protein L45","Protein Coding",39,"GC17P038297",2.39,"https://www.genecards.org/cgi-bin/carddisp.pl?gene=MRPL45"
"MTPAP","Mitochondrial Poly(A) Polymerase","Protein Coding",45,"GC10M030313",2.38,"https://www.genecards.org/cgi-bin/carddisp.pl?gene=MTPAP"
"ATPAF1","ATP Synthase Mitochondrial F1 Complex Assembly Factor 1","Protein Coding",42,"GC01M046632",2.36,"https://www.genecards.org/cgi-bin/carddisp.pl?gene=ATPAF1"
"MTIF3","Mitochondrial Translational Initiation Factor 3","Protein Coding",39,"GC13M027436",2.33,"https://www.genecards.org/cgi-bin/carddisp.pl?gene=MTIF3"
"MRPL38","Mitochondrial Ribosomal Protein L38","Protein Coding",40,"GC17M075900",2.32,"https://www.genecards.org/cgi-bin/carddisp.pl?gene=MRPL38"
"MIEF2","Mitochondrial Elongation Factor 2","Protein Coding",36,"GC17P018262",2.31,"https://www.genecards.org/cgi-bin/carddisp.pl?gene=MIEF2"
"TOP1MT","DNA Topoisomerase I Mitochondrial","Protein Coding",45,"GC08M143304",2.27,"https://www.genecards.org/cgi-bin/carddisp.pl?gene=TOP1MT"
"MRPL13","Mitochondrial Ribosomal Protein L13","Protein Coding",43,"GC08M120377",2.27,"https://www.genecards.org/cgi-bin/carddisp.pl?gene=MRPL13"
"MRPL52","Mitochondrial Ribosomal Protein L52","Protein Coding",38,"GC14P022829",2.21,"https://www.genecards.org/cgi-bin/carddisp.pl?gene=MRPL52"
"METAP1D","Methionyl Aminopeptidase Type 1D, Mitochondrial","Protein Coding",42,"GC02P172000",2.21,"https://www.genecards.org/cgi-bin/carddisp.pl?gene=METAP1D"
"TIMM29","Translocase Of Inner Mitochondrial Membrane 29","Protein Coding",26,"GC19P010929",2.18,"https://www.genecards.org/cgi-bin/carddisp.pl?gene=TIMM29"
"TFB2M","Transcription Factor B2, Mitochondrial","Protein Coding",42,"GC01M246540",2.09,"https://www.genecards.org/cgi-bin/carddisp.pl?gene=TFB2M"
"PCK2","Phosphoenolpyruvate Carboxykinase 2, Mitochondrial","Protein Coding",52,"GC14P024094",2.08,"https://www.genecards.org/cgi-bin/carddisp.pl?gene=PCK2"
"MRPL3","Mitochondrial Ribosomal Protein L3","Protein Coding",47,"GC03M131462",2.08,"https://www.genecards.org/cgi-bin/carddisp.pl?gene=MRPL3"
"MRPL32","Mitochondrial Ribosomal Protein L32","Protein Coding",42,"GC07P042971",2.08,"https://www.genecards.org/cgi-bin/carddisp.pl?gene=MRPL32"
"MRPL4","Mitochondrial Ribosomal Protein L4","Protein Coding",41,"GC19P010251",2.08,"https://www.genecards.org/cgi-bin/carddisp.pl?gene=MRPL4"
"MRPL16","Mitochondrial Ribosomal Protein L16","Protein Coding",40,"GC11M059824",2.08,"https://www.genecards.org/cgi-bin/carddisp.pl?gene=MRPL16"
"TIMM10B","Translocase Of Inner Mitochondrial Membrane 10B","Protein Coding",39,"GC11P006502",2.06,"https://www.genecards.org/cgi-bin/carddisp.pl?gene=TIMM10B"
"MIEF1","Mitochondrial Elongation Factor 1","Protein Coding",35,"GC22P039501",2.03,"https://www.genecards.org/cgi-bin/carddisp.pl?gene=MIEF1"
"MRPL33","Mitochondrial Ribosomal Protein L33","Protein Coding",38,"GC02P027735",1.98,"https://www.genecards.org/cgi-bin/carddisp.pl?gene=MRPL33"
"MRPL27","Mitochondrial Ribosomal Protein L27","Protein Coding",39,"GC17M050367",1.96,"https://www.genecards.org/cgi-bin/carddisp.pl?gene=MRPL27"
"MRPL34","Mitochondrial Ribosomal Protein L34","Protein Coding",39,"GC19P020007",1.96,"https://www.genecards.org/cgi-bin/carddisp.pl?gene=MRPL34"
"MCUR1","Mitochondrial Calcium Uniporter Regulator 1","Protein Coding",39,"GC06M013788",1.95,"https://www.genecards.org/cgi-bin/carddisp.pl?gene=MCUR1"
"MRPS2","Mitochondrial Ribosomal Protein S2","Protein Coding",43,"GC09P135499",1.92,"https://www.genecards.org/cgi-bin/carddisp.pl?gene=MRPS2"
"NT5M","5',3'-Nucleotidase, Mitochondrial","Protein Coding",43,"GC17P017303",1.92,"https://www.genecards.org/cgi-bin/carddisp.pl?gene=NT5M"
"PDF","Peptide Deformylase, Mitochondrial","Protein Coding",37,"GC16M069328",1.89,"https://www.genecards.org/cgi-bin/carddisp.pl?gene=PDF"
"MARC2","Mitochondrial Amidoxime Reducing Component 2","Protein Coding",40,"GC01P220747",1.87,"https://www.genecards.org/cgi-bin/carddisp.pl?gene=MARC2"
"MRPL39","Mitochondrial Ribosomal Protein L39","Protein Coding",40,"GC21M025585",1.86,"https://www.genecards.org/cgi-bin/carddisp.pl?gene=MRPL39"
"MRPS28","Mitochondrial Ribosomal Protein S28","Protein Coding",44,"GC08M079919",1.86,"https://www.genecards.org/cgi-bin/carddisp.pl?gene=MRPS28"
"MRPS15","Mitochondrial Ribosomal Protein S15","Protein Coding",42,"GC01M036455",1.86,"https://www.genecards.org/cgi-bin/carddisp.pl?gene=MRPS15"
"MICU2","Mitochondrial Calcium Uptake 2","Protein Coding",39,"GC13M021492",1.85,"https://www.genecards.org/cgi-bin/carddisp.pl?gene=MICU2"
"MRPS10","Mitochondrial Ribosomal Protein S10","Protein Coding",41,"GC06M042174",1.84,"https://www.genecards.org/cgi-bin/carddisp.pl?gene=MRPS10"
"MRPS26","Mitochondrial Ribosomal Protein S26","Protein Coding",40,"GC20P003050",1.84,"https://www.genecards.org/cgi-bin/carddisp.pl?gene=MRPS26"
"MRPS18A","Mitochondrial Ribosomal Protein S18A","Protein Coding",42,"GC06M043639",1.81,"https://www.genecards.org/cgi-bin/carddisp.pl?gene=MRPS18A"
"MRPS30","Mitochondrial Ribosomal Protein S30","Protein Coding",40,"GC05P044808",1.81,"https://www.genecards.org/cgi-bin/carddisp.pl?gene=MRPS30"
"PMPCA","Peptidase, Mitochondrial Processing Alpha Subunit","Protein Coding",49,"GC09P136410",1.81,"https://www.genecards.org/cgi-bin/carddisp.pl?gene=PMPCA"
"MRPS25","Mitochondrial Ribosomal Protein S25","Protein Coding",42,"GC03M015043",1.81,"https://www.genecards.org/cgi-bin/carddisp.pl?gene=MRPS25"
"MRPS11","Mitochondrial Ribosomal Protein S11","Protein Coding",42,"GC15P088467",1.81,"https://www.genecards.org/cgi-bin/carddisp.pl?gene=MRPS11"
"MRPS14","Mitochondrial Ribosomal Protein S14","Protein Coding",39,"GC01M175010",1.79,"https://www.genecards.org/cgi-bin/carddisp.pl?gene=MRPS14"
"MTCH1","Mitochondrial Carrier 1","Protein Coding",42,"GC06M038476",1.77,"https://www.genecards.org/cgi-bin/carddisp.pl?gene=MTCH1"
"MRPS35","Mitochondrial Ribosomal Protein S35","Protein Coding",41,"GC12P027710",1.76,"https://www.genecards.org/cgi-bin/carddisp.pl?gene=MRPS35"
"MRPS5","Mitochondrial Ribosomal Protein S5","Protein Coding",40,"GC02M095087",1.76,"https://www.genecards.org/cgi-bin/carddisp.pl?gene=MRPS5"
"MTO1","Mitochondrial TRNA Translation Optimization 1","Protein Coding",48,"GC06P073461",1.76,"https://www.genecards.org/cgi-bin/carddisp.pl?gene=MTO1"
"MRPS9","Mitochondrial Ribosomal Protein S9","Protein Coding",43,"GC02P105020",1.71,"https://www.genecards.org/cgi-bin/carddisp.pl?gene=MRPS9"
"MRPL48","Mitochondrial Ribosomal Protein L48","Protein Coding",41,"GC11P073787",1.7,"https://www.genecards.org/cgi-bin/carddisp.pl?gene=MRPL48"
"MRPL15","Mitochondrial Ribosomal Protein L15","Protein Coding",44,"GC08P054135",1.69,"https://www.genecards.org/cgi-bin/carddisp.pl?gene=MRPL15"
"MRPL17","Mitochondrial Ribosomal Protein L17","Protein Coding",42,"GC11M006659",1.69,"https://www.genecards.org/cgi-bin/carddisp.pl?gene=MRPL17"
"MRPS21","Mitochondrial Ribosomal Protein S21","Protein Coding",40,"GC01P150294",1.69,"https://www.genecards.org/cgi-bin/carddisp.pl?gene=MRPS21"
"MALSU1","Mitochondrial Assembly Of Ribosomal Large Subunit 1","Protein Coding",37,"GC07P023338",1.69,"https://www.genecards.org/cgi-bin/carddisp.pl?gene=MALSU1"
"MRPL24","Mitochondrial Ribosomal Protein L24","Protein Coding",42,"GC01M156737",1.67,"https://www.genecards.org/cgi-bin/carddisp.pl?gene=MRPL24"
"MRPL35","Mitochondrial Ribosomal Protein L35","Protein Coding",40,"GC02P086199",1.67,"https://www.genecards.org/cgi-bin/carddisp.pl?gene=MRPL35"
"MRPS31","Mitochondrial Ribosomal Protein S31","Protein Coding",40,"GC13M040729",1.66,"https://www.genecards.org/cgi-bin/carddisp.pl?gene=MRPS31"
"MRPL49","Mitochondrial Ribosomal Protein L49","Protein Coding",42,"GC11P065123",1.64,"https://www.genecards.org/cgi-bin/carddisp.pl?gene=MRPL49"
"NADK2","NAD Kinase 2, Mitochondrial","Protein Coding",42,"GC05M036194",1.64,"https://www.genecards.org/cgi-bin/carddisp.pl?gene=NADK2"
"MRPL30","Mitochondrial Ribosomal Protein L30","Protein Coding",42,"GC02P099164",1.64,"https://www.genecards.org/cgi-bin/carddisp.pl?gene=MRPL30"
"WARS2","Tryptophanyl TRNA Synthetase 2, Mitochondrial","Protein Coding",50,"GC01M119031",1.63,"https://www.genecards.org/cgi-bin/carddisp.pl?gene=WARS2"
"ERAL1","Era Like 12S Mitochondrial RRNA Chaperone 1","Protein Coding",45,"GC17P028854",1.63,"https://www.genecards.org/cgi-bin/carddisp.pl?gene=ERAL1"
"MRPL54","Mitochondrial Ribosomal Protein L54","Protein Coding",39,"GC19P003762",1.61,"https://www.genecards.org/cgi-bin/carddisp.pl?gene=MRPL54"
"PTPMT1","Protein Tyrosine Phosphatase, Mitochondrial 1","Protein Coding",42,"GC11P047586",1.57,"https://www.genecards.org/cgi-bin/carddisp.pl?gene=PTPMT1"
"MRPL50","Mitochondrial Ribosomal Protein L50","Protein Coding",39,"GC09M101387",1.56,"https://www.genecards.org/cgi-bin/carddisp.pl?gene=MRPL50"
"MRPL53","Mitochondrial Ribosomal Protein L53","Protein Coding",37,"GC02M074471",1.53,"https://www.genecards.org/cgi-bin/carddisp.pl?gene=MRPL53"
"MTFR1","Mitochondrial Fission Regulator 1","Protein Coding",42,"GC08P065643",1.52,"https://www.genecards.org/cgi-bin/carddisp.pl?gene=MTFR1"
"MTG1","Mitochondrial Ribosome Associated GTPase 1","Protein Coding",39,"GC10P133394",1.52,"https://www.genecards.org/cgi-bin/carddisp.pl?gene=MTG1"
"MRM3","Mitochondrial RRNA Methyltransferase 3","Protein Coding",32,"GC17P000783",1.52,"https://www.genecards.org/cgi-bin/carddisp.pl?gene=MRM3"
"MTFP1","Mitochondrial Fission Process 1","Protein Coding",36,"GC22P030426",1.5,"https://www.genecards.org/cgi-bin/carddisp.pl?gene=MTFP1"
"MARC1","Mitochondrial Amidoxime Reducing Component 1","Protein Coding",39,"GC01P220786",1.5,"https://www.genecards.org/cgi-bin/carddisp.pl?gene=MARC1"
"MTERF2","Mitochondrial Transcription Termination Factor 2","Protein Coding",31,"GC12M106977",1.5,"https://www.genecards.org/cgi-bin/carddisp.pl?gene=MTERF2"
"TFB1M","Transcription Factor B1, Mitochondrial","Protein Coding",47,"GC06M155247",1.49,"https://www.genecards.org/cgi-bin/carddisp.pl?gene=TFB1M"
"VARS2","Valyl-TRNA Synthetase 2, Mitochondrial","Protein Coding",49,"GC06P031428",1.45,"https://www.genecards.org/cgi-bin/carddisp.pl?gene=VARS2"
"MTERF3","Mitochondrial Transcription Termination Factor 3","Protein Coding",36,"GC08M096240",1.45,"https://www.genecards.org/cgi-bin/carddisp.pl?gene=MTERF3"
"MRM1","Mitochondrial RRNA Methyltransferase 1","Protein Coding",38,"GC17P036618",1.45,"https://www.genecards.org/cgi-bin/carddisp.pl?gene=MRM1"
"GRPEL2","GrpE Like 2, Mitochondrial","Protein Coding",40,"GC05P149345",1.44,"https://www.genecards.org/cgi-bin/carddisp.pl?gene=GRPEL2"
"MTG2","Mitochondrial Ribosome Associated GTPase 2","Protein Coding",38,"GC20P062183",1.43,"https://www.genecards.org/cgi-bin/carddisp.pl?gene=MTG2"
"TAMM41","TAM41 Mitochondrial Translocator Assembly And Maintenance Homolog","Protein Coding",36,"GC03M011831",1.43,"https://www.genecards.org/cgi-bin/carddisp.pl?gene=TAMM41"
"ATP5S","ATP Synthase, H+ Transporting, Mitochondrial Fo Complex Subunit S (Factor B)","Protein Coding",39,"GC14P050311",1.41,"https://www.genecards.org/cgi-bin/carddisp.pl?gene=ATP5S"
"MRPS36","Mitochondrial Ribosomal Protein S36","Protein Coding",37,"GC05P069220",1.41,"https://www.genecards.org/cgi-bin/carddisp.pl?gene=MRPS36"
"MGME1","Mitochondrial Genome Maintenance Exonuclease 1","Protein Coding",40,"GC20P017952",1.37,"https://www.genecards.org/cgi-bin/carddisp.pl?gene=MGME1"
"MTERF4","Mitochondrial Transcription Termination Factor 4","Protein Coding",34,"GC02M241072",1.37,"https://www.genecards.org/cgi-bin/carddisp.pl?gene=MTERF4"
"FMC1","Formation Of Mitochondrial Complex V Assembly Factor 1 Homolog","Protein Coding",28,"GC07P139357",1.37,"https://www.genecards.org/cgi-bin/carddisp.pl?gene=FMC1"
"TOMM5","Translocase Of Outer Mitochondrial Membrane 5","Protein Coding",39,"GC09M037582",1.33,"https://www.genecards.org/cgi-bin/carddisp.pl?gene=TOMM5"
"GPAT2","Glycerol-3-Phosphate Acyltransferase 2, Mitochondrial","Protein Coding",37,"GC02M096022",1.33,"https://www.genecards.org/cgi-bin/carddisp.pl?gene=GPAT2"
"AARS2","Alanyl-TRNA Synthetase 2, Mitochondrial","Protein Coding",49,"GC06M044266",1.32,"https://www.genecards.org/cgi-bin/carddisp.pl?gene=AARS2"
"CARS2","Cysteinyl-TRNA Synthetase 2, Mitochondrial","Protein Coding",46,"GC13M110641",1.32,"https://www.genecards.org/cgi-bin/carddisp.pl?gene=CARS2"
"FARS2","Phenylalanyl-TRNA Synthetase 2, Mitochondrial","Protein Coding",51,"GC06P005261",1.29,"https://www.genecards.org/cgi-bin/carddisp.pl?gene=FARS2"
"TIMM23B","Translocase Of Inner Mitochondrial Membrane 23 Homolog B","Protein Coding",26,"GC10P049942",1.27,"https://www.genecards.org/cgi-bin/carddisp.pl?gene=TIMM23B"
"NDUFA4L2","NDUFA4, Mitochondrial Complex Associated Like 2","Protein Coding",41,"GC12M057234",1.26,"https://www.genecards.org/cgi-bin/carddisp.pl?gene=NDUFA4L2"
"MPV17L2","MPV17 Mitochondrial Inner Membrane Protein Like 2","Protein Coding",40,"GC19P018193",1.25,"https://www.genecards.org/cgi-bin/carddisp.pl?gene=MPV17L2"
"MRPS27","Mitochondrial Ribosomal Protein S27","Protein Coding",41,"GC05M072219",1.16,"https://www.genecards.org/cgi-bin/carddisp.pl?gene=MRPS27"
"MRPS24","Mitochondrial Ribosomal Protein S24","Protein Coding",42,"GC07M043791",1,"https://www.genecards.org/cgi-bin/carddisp.pl?gene=MRPS24"
"MTCO2P12","Mitochondrially Encoded Cytochrome C Oxidase II Pseudogene 12","Pseudogene",8,"GC01P000956",0.99,"https://www.genecards.org/cgi-bin/carddisp.pl?gene=MTCO2P12"
"TARS2","Threonyl-TRNA Synthetase 2, Mitochondrial","Protein Coding",47,"GC01P150459",0.97,"https://www.genecards.org/cgi-bin/carddisp.pl?gene=TARS2"
"MRPS17","Mitochondrial Ribosomal Protein S17","Protein Coding",43,"GC07P055953",0.97,"https://www.genecards.org/cgi-bin/carddisp.pl?gene=MRPS17"
"MSS51","MSS51 Mitochondrial Translational Activator","Protein Coding",34,"GC10M073423",0.96,"https://www.genecards.org/cgi-bin/carddisp.pl?gene=MSS51"
"MRPS6","Mitochondrial Ribosomal Protein S6","Protein Coding",41,"GC21P034093",0.95,"https://www.genecards.org/cgi-bin/carddisp.pl?gene=MRPS6"
"MRPL55","Mitochondrial Ribosomal Protein L55","Protein Coding",40,"GC01M228107",0.95,"https://www.genecards.org/cgi-bin/carddisp.pl?gene=MRPL55"
"STMP1","Short Transmembrane Mitochondrial Protein 1","Protein Coding",24,"GC07P135663",0.92,"https://www.genecards.org/cgi-bin/carddisp.pl?gene=STMP1"
"MRPS18C","Mitochondrial Ribosomal Protein S18C","Protein Coding",41,"GC04P083455",0.89,"https://www.genecards.org/cgi-bin/carddisp.pl?gene=MRPS18C"
"MRRF","Mitochondrial Ribosome Recycling Factor","Protein Coding",45,"GC09P122264",0.89,"https://www.genecards.org/cgi-bin/carddisp.pl?gene=MRRF"
"MTFR1L","Mitochondrial Fission Regulator 1 Like","Protein Coding",37,"GC01P025822",0.87,"https://www.genecards.org/cgi-bin/carddisp.pl?gene=MTFR1L"
"TOMM6","Translocase Of Outer Mitochondrial Membrane 6","Protein Coding",34,"GC06P041787",0.87,"https://www.genecards.org/cgi-bin/carddisp.pl?gene=TOMM6"
"MTRF1L","Mitochondrial Translational Release Factor 1 Like","Protein Coding",40,"GC06M152987",0.86,"https://www.genecards.org/cgi-bin/carddisp.pl?gene=MTRF1L"
"MRPS33","Mitochondrial Ribosomal Protein S33","Protein Coding",41,"GC07M141006",0.8,"https://www.genecards.org/cgi-bin/carddisp.pl?gene=MRPS33"
"LOC107987373","39S Ribosomal Protein L23, Mitochondrial-Like","Protein Coding",6,"GC00P9X0003",0.74,"https://www.genecards.org/cgi-bin/carddisp.pl?gene=LOC107987373"
"CLPB","ClpB Homolog, Mitochondrial AAA ATPase Chaperonin","Protein Coding",50,"GC11M072292",0.74,"https://www.genecards.org/cgi-bin/carddisp.pl?gene=CLPB"
"TIMM8B","Translocase Of Inner Mitochondrial Membrane 8 Homolog B","Protein Coding",43,"GC11M112084",0.74,"https://www.genecards.org/cgi-bin/carddisp.pl?gene=TIMM8B"
"TIMM21","Translocase Of Inner Mitochondrial Membrane 21","Protein Coding",37,"GC18P074148",0.73,"https://www.genecards.org/cgi-bin/carddisp.pl?gene=TIMM21"
"HARS2","Histidyl-TRNA Synthetase 2, Mitochondrial","Protein Coding",49,"GC05P142276",0.7,"https://www.genecards.org/cgi-bin/carddisp.pl?gene=HARS2"
"MRM2","Mitochondrial RRNA Methyltransferase 2","Protein Coding",32,"GC07M002234",0.67,"https://www.genecards.org/cgi-bin/carddisp.pl?gene=MRM2"
"MARS2","Methionyl-TRNA Synthetase 2, Mitochondrial","Protein Coding",47,"GC02P197705",0.64,"https://www.genecards.org/cgi-bin/carddisp.pl?gene=MARS2"
"MPV17L","MPV17 Mitochondrial Inner Membrane Protein Like","Protein Coding",38,"GC16P015398",0.49,"https://www.genecards.org/cgi-bin/carddisp.pl?gene=MPV17L"
"IMMP1L","Inner Mitochondrial Membrane Peptidase Subunit 1","Protein Coding",43,"GC11M031432",0.39,"https://www.genecards.org/cgi-bin/carddisp.pl?gene=IMMP1L"
"TCAIM","T Cell Activation Inhibitor, Mitochondrial","Protein Coding",32,"GC03P044379",0.39,"https://www.genecards.org/cgi-bin/carddisp.pl?gene=TCAIM"
"TFAMP1","Transcription Factor A, Mitochondrial Pseudogene 1","Pseudogene",16,"GC07P001614",0.39,"https://www.genecards.org/cgi-bin/carddisp.pl?gene=TFAMP1"
"IMMTP1","Inner Membrane Mitochondrial Protein Pseudogene 1","Pseudogene",9,"GC21M044675",0.39,"https://www.genecards.org/cgi-bin/carddisp.pl?gene=IMMTP1"
"MTIF2P1","Mitochondrial Translational Initiation Factor 2 Pseudogene 1","Pseudogene",9,"GC01P121503",0.39,"https://www.genecards.org/cgi-bin/carddisp.pl?gene=MTIF2P1"
"MICU3","Mitochondrial Calcium Uptake Family Member 3","Protein Coding",35,"GC08P017027",0.26,"https://www.genecards.org/cgi-bin/carddisp.pl?gene=MICU3"
"MCUB","Mitochondrial Calcium Uniporter Dominant Negative Beta Subunit","Protein Coding",28,"GC04P109561",0.26,"https://www.genecards.org/cgi-bin/carddisp.pl?gene=MCUB"
"SAMMSON","Survival Associated Mitochondrial Melanoma Specific Oncogenic Non-Coding RNA","RNA Gene",15,"GC03P069999",0.26,"https://www.genecards.org/cgi-bin/carddisp.pl?gene=SAMMSON"
"MT-TG","Mitochondrially Encoded TRNA Glycine","RNA Gene",13,"GCMTP009993",0.26,"https://www.genecards.org/cgi-bin/carddisp.pl?gene=MT-TG"
"LOC642355","Nucleoside Diphosphate Kinase, Mitochondrial-Like","Pseudogene",6,"GC07M140435",0.26,"https://www.genecards.org/cgi-bin/carddisp.pl?gene=LOC642355"
"MTFR2","Mitochondrial Fission Regulator 2","Protein Coding",38,"GC06M136231",0.13,"https://www.genecards.org/cgi-bin/carddisp.pl?gene=MTFR2"
"MCCD1","Mitochondrial Coiled-Coil Domain 1","Protein Coding",36,"GC06P031528",0.13,"https://www.genecards.org/cgi-bin/carddisp.pl?gene=MCCD1"
"TOMM20L","Translocase Of Outer Mitochondrial Membrane 20 Like","Protein Coding",35,"GC14P058395",0.13,"https://www.genecards.org/cgi-bin/carddisp.pl?gene=TOMM20L"
"MRPL45P2","Mitochondrial Ribosomal Protein L45 Pseudogene 2","Pseudogene",15,"GC17M047450",0.13,"https://www.genecards.org/cgi-bin/carddisp.pl?gene=MRPL45P2"
"MRPL42P5","Mitochondrial Ribosomal Protein L42 Pseudogene 5","Pseudogene",12,"GC15M040531",0.13,"https://www.genecards.org/cgi-bin/carddisp.pl?gene=MRPL42P5"
"MRPL11P2","Mitochondrial Ribosomal Protein L11 Pseudogene 2","Pseudogene",11,"GC05M142036",0.13,"https://www.genecards.org/cgi-bin/carddisp.pl?gene=MRPL11P2"
"MRPS18CP2","Mitochondrial Ribosomal Protein S18C Pseudogene 2","Pseudogene",11,"GC08M008933",0.13,"https://www.genecards.org/cgi-bin/carddisp.pl?gene=MRPS18CP2"
"MRPS21P6","Mitochondrial Ribosomal Protein S21 Pseudogene 6","Pseudogene",11,"GC10P125166",0.13,"https://www.genecards.org/cgi-bin/carddisp.pl?gene=MRPS21P6"
"MRPS21P7","Mitochondrial Ribosomal Protein S21 Pseudogene 7","Pseudogene",11,"GC16P049708",0.13,"https://www.genecards.org/cgi-bin/carddisp.pl?gene=MRPS21P7"
"MRPS24P1","Mitochondrial Ribosomal Protein S24 Pseudogene 1","Pseudogene",11,"GC11M000303",0.13,"https://www.genecards.org/cgi-bin/carddisp.pl?gene=MRPS24P1"
"MRPL35P2","Mitochondrial Ribosomal Protein L35 Pseudogene 2","Pseudogene",11,"GC10M063634",0.13,"https://www.genecards.org/cgi-bin/carddisp.pl?gene=MRPL35P2"
"MRPL48P1","Mitochondrial Ribosomal Protein L48 Pseudogene 1","Pseudogene",11,"GC06M010459",0.13,"https://www.genecards.org/cgi-bin/carddisp.pl?gene=MRPL48P1"
"MRPL49P2","Mitochondrial Ribosomal Protein L49 Pseudogene 2","Pseudogene",11,"GC08P016374",0.13,"https://www.genecards.org/cgi-bin/carddisp.pl?gene=MRPL49P2"
"MRPL50P3","Mitochondrial Ribosomal Protein L50 Pseudogene 3","Pseudogene",11,"GC05P178344",0.13,"https://www.genecards.org/cgi-bin/carddisp.pl?gene=MRPL50P3"
"MRPL9P1","Mitochondrial Ribosomal Protein L9 Pseudogene 1","Pseudogene",11,"GC08M076602",0.13,"https://www.genecards.org/cgi-bin/carddisp.pl?gene=MRPL9P1"
"MRPS10P2","Mitochondrial Ribosomal Protein S10 Pseudogene 2","Pseudogene",11,"GC03M004431",0.13,"https://www.genecards.org/cgi-bin/carddisp.pl?gene=MRPS10P2"
"MRPS16P3","Mitochondrial Ribosomal Protein S16 Pseudogene 3","Pseudogene",11,"GC22P035705",0.13,"https://www.genecards.org/cgi-bin/carddisp.pl?gene=MRPS16P3"
"MRPS36P5","Mitochondrial Ribosomal Protein S36 Pseudogene 5","Pseudogene",11,"GC12M043054",0.13,"https://www.genecards.org/cgi-bin/carddisp.pl?gene=MRPS36P5"
"MRPL15P1","Mitochondrial Ribosomal Protein L15 Pseudogene 1","Pseudogene",10,"GC15P089752",0.13,"https://www.genecards.org/cgi-bin/carddisp.pl?gene=MRPL15P1"
"MRPL20P1","Mitochondrial Ribosomal Protein L20 Pseudogene 1","Pseudogene",10,"GC21P036994",0.13,"https://www.genecards.org/cgi-bin/carddisp.pl?gene=MRPL20P1"
"MRPS18BP2","Mitochondrial Ribosomal Protein S18B Pseudogene 2","Pseudogene",10,"GC02P139668",0.13,"https://www.genecards.org/cgi-bin/carddisp.pl?gene=MRPS18BP2"
"MRPS18CP4","Mitochondrial Ribosomal Protein S18C Pseudogene 4","Pseudogene",10,"GC12P014245",0.13,"https://www.genecards.org/cgi-bin/carddisp.pl?gene=MRPS18CP4"
"MRPS21P1","Mitochondrial Ribosomal Protein S21 Pseudogene 1","Pseudogene",10,"GC01M065092",0.13,"https://www.genecards.org/cgi-bin/carddisp.pl?gene=MRPS21P1"
"MRPS21P3","Mitochondrial Ribosomal Protein S21 Pseudogene 3","Pseudogene",10,"GC01P197333",0.13,"https://www.genecards.org/cgi-bin/carddisp.pl?gene=MRPS21P3"
"MRPS21P5","Mitochondrial Ribosomal Protein S21 Pseudogene 5","Pseudogene",10,"GC10P028004",0.13,"https://www.genecards.org/cgi-bin/carddisp.pl?gene=MRPS21P5"
"MRPS33P2","Mitochondrial Ribosomal Protein S33 Pseudogene 2","Pseudogene",10,"GC04M038008",0.13,"https://www.genecards.org/cgi-bin/carddisp.pl?gene=MRPS33P2"
"MRPS36P2","Mitochondrial Ribosomal Protein S36 Pseudogene 2","Pseudogene",10,"GC04P186900",0.13,"https://www.genecards.org/cgi-bin/carddisp.pl?gene=MRPS36P2"
"MRPS36P3","Mitochondrial Ribosomal Protein S36 Pseudogene 3","Pseudogene",10,"GC08P122091",0.13,"https://www.genecards.org/cgi-bin/carddisp.pl?gene=MRPS36P3"
"MRPS36P4","Mitochondrial Ribosomal Protein S36 Pseudogene 4","Pseudogene",10,"GC11P112208",0.13,"https://www.genecards.org/cgi-bin/carddisp.pl?gene=MRPS36P4"
"MRPL42P1","Mitochondrial Ribosomal Protein L42 Pseudogene 1","Pseudogene",10,"GC04M119195",0.13,"https://www.genecards.org/cgi-bin/carddisp.pl?gene=MRPL42P1"
"MRPL42P2","Mitochondrial Ribosomal Protein L42 Pseudogene 2","Pseudogene",10,"GC06P016172",0.13,"https://www.genecards.org/cgi-bin/carddisp.pl?gene=MRPL42P2"
"MRPL51P2","Mitochondrial Ribosomal Protein L51 Pseudogene 2","Pseudogene",10,"GC21M043115",0.13,"https://www.genecards.org/cgi-bin/carddisp.pl?gene=MRPL51P2"
"MRPL57P6","Mitochondrial Ribosomal Protein L57 Pseudogene 6","Pseudogene",10,"GC05P163039",0.13,"https://www.genecards.org/cgi-bin/carddisp.pl?gene=MRPL57P6"
"MRPS10P1","Mitochondrial Ribosomal Protein S10 Pseudogene 1","Pseudogene",10,"GC01P169990",0.13,"https://www.genecards.org/cgi-bin/carddisp.pl?gene=MRPS10P1"
"MRPS11P1","Mitochondrial Ribosomal Protein S11 Pseudogene 1","Pseudogene",10,"GC20M020829",0.13,"https://www.genecards.org/cgi-bin/carddisp.pl?gene=MRPS11P1"
"MRPS17P3","Mitochondrial Ribosomal Protein S17 Pseudogene 3","Pseudogene",9,"GC03P078575",0.13,"https://www.genecards.org/cgi-bin/carddisp.pl?gene=MRPS17P3"
"MRPL22P1","Mitochondrial Ribosomal Protein L22 Pseudogene 1","Pseudogene",9,"GC04M056320",0.13,"https://www.genecards.org/cgi-bin/carddisp.pl?gene=MRPL22P1"
"MRPL2P1","Mitochondrial Ribosomal Protein L2 Pseudogene 1","Pseudogene",9,"GC12P089752",0.13,"https://www.genecards.org/cgi-bin/carddisp.pl?gene=MRPL2P1"
"MRPL30P2","Mitochondrial Ribosomal Protein L30 Pseudogene 2","Pseudogene",9,"GC12P031521",0.13,"https://www.genecards.org/cgi-bin/carddisp.pl?gene=MRPL30P2"
"MRPS17P7","Mitochondrial Ribosomal Protein S17 Pseudogene 7","Pseudogene",9,"GC18M057763",0.13,"https://www.genecards.org/cgi-bin/carddisp.pl?gene=MRPS17P7"
"MRPS18AP1","Mitochondrial Ribosomal Protein S18A Pseudogene 1","Pseudogene",9,"GC03M048272",0.13,"https://www.genecards.org/cgi-bin/carddisp.pl?gene=MRPS18AP1"
"MRPS18BP1","Mitochondrial Ribosomal Protein S18B Pseudogene 1","Pseudogene",9,"GC01M216201",0.13,"https://www.genecards.org/cgi-bin/carddisp.pl?gene=MRPS18BP1"
"MRPS18CP5","Mitochondrial Ribosomal Protein S18C Pseudogene 5","Pseudogene",9,"GC15M025928",0.13,"https://www.genecards.org/cgi-bin/carddisp.pl?gene=MRPS18CP5"
"MRPS18CP6","Mitochondrial Ribosomal Protein S18C Pseudogene 6","Pseudogene",9,"GC22M044483",0.13,"https://www.genecards.org/cgi-bin/carddisp.pl?gene=MRPS18CP6"
"MRPS21P2","Mitochondrial Ribosomal Protein S21 Pseudogene 2","Pseudogene",9,"GC01P157831",0.13,"https://www.genecards.org/cgi-bin/carddisp.pl?gene=MRPS21P2"
"MRPS21P8","Mitochondrial Ribosomal Protein S21 Pseudogene 8","Pseudogene",9,"GC16P049798",0.13,"https://www.genecards.org/cgi-bin/carddisp.pl?gene=MRPS21P8"
"MRPS21P9","Mitochondrial Ribosomal Protein S21 Pseudogene 9","Pseudogene",9,"GC17M050450",0.13,"https://www.genecards.org/cgi-bin/carddisp.pl?gene=MRPS21P9"
"MRPS23P1","Mitochondrial Ribosomal Protein S23 Pseudogene 1","Pseudogene",9,"GC07P044919",0.13,"https://www.genecards.org/cgi-bin/carddisp.pl?gene=MRPS23P1"
"MRPS31P2","Mitochondrial Ribosomal Protein S31 Pseudogene 2","Pseudogene",9,"GC13M019552",0.13,"https://www.genecards.org/cgi-bin/carddisp.pl?gene=MRPS31P2"
"MRPS35P2","Mitochondrial Ribosomal Protein S35 Pseudogene 2","Pseudogene",9,"GC05M098402",0.13,"https://www.genecards.org/cgi-bin/carddisp.pl?gene=MRPS35P2"
"MRPS35P3","Mitochondrial Ribosomal Protein S35 Pseudogene 3","Pseudogene",9,"GC10P057982",0.13,"https://www.genecards.org/cgi-bin/carddisp.pl?gene=MRPS35P3"
"MRPS36P1","Mitochondrial Ribosomal Protein S36 Pseudogene 1","Pseudogene",9,"GC03M006789",0.13,"https://www.genecards.org/cgi-bin/carddisp.pl?gene=MRPS36P1"
"MRPL35P1","Mitochondrial Ribosomal Protein L35 Pseudogene 1","Pseudogene",9,"GC06P013950",0.13,"https://www.genecards.org/cgi-bin/carddisp.pl?gene=MRPL35P1"
"MRPL35P3","Mitochondrial Ribosomal Protein L35 Pseudogene 3","Pseudogene",9,"GC10P074527",0.13,"https://www.genecards.org/cgi-bin/carddisp.pl?gene=MRPL35P3"
"MRPL35P4","Mitochondrial Ribosomal Protein L35 Pseudogene 4","Pseudogene",9,"GC0XM012773",0.13,"https://www.genecards.org/cgi-bin/carddisp.pl?gene=MRPL35P4"
"MRPL36P1","Mitochondrial Ribosomal Protein L36 Pseudogene 1","Pseudogene",9,"GC02P070102",0.13,"https://www.genecards.org/cgi-bin/carddisp.pl?gene=MRPL36P1"
"MRPL42P3","Mitochondrial Ribosomal Protein L42 Pseudogene 3","Pseudogene",9,"GC06P144136",0.13,"https://www.genecards.org/cgi-bin/carddisp.pl?gene=MRPL42P3"
"MRPL42P4","Mitochondrial Ribosomal Protein L42 Pseudogene 4","Pseudogene",9,"GC07M047026",0.13,"https://www.genecards.org/cgi-bin/carddisp.pl?gene=MRPL42P4"
"MRPL50P1","Mitochondrial Ribosomal Protein L50 Pseudogene 1","Pseudogene",9,"GC02M035724",0.13,"https://www.genecards.org/cgi-bin/carddisp.pl?gene=MRPL50P1"
"MRPL50P4","Mitochondrial Ribosomal Protein L50 Pseudogene 4","Pseudogene",9,"GC10M059551",0.13,"https://www.genecards.org/cgi-bin/carddisp.pl?gene=MRPL50P4"
"MRPL53P1","Mitochondrial Ribosomal Protein L53 Pseudogene 1","Pseudogene",9,"GC01M112625",0.13,"https://www.genecards.org/cgi-bin/carddisp.pl?gene=MRPL53P1"
"MRPL57P3","Mitochondrial Ribosomal Protein L57 Pseudogene 3","Pseudogene",9,"GC03P047071",0.13,"https://www.genecards.org/cgi-bin/carddisp.pl?gene=MRPL57P3"
"MRPS15P2","Mitochondrial Ribosomal Protein S15 Pseudogene 2","Pseudogene",9,"GC19P044290",0.13,"https://www.genecards.org/cgi-bin/carddisp.pl?gene=MRPS15P2"
"MRPS16P2","Mitochondrial Ribosomal Protein S16 Pseudogene 2","Pseudogene",9,"GC20P059113",0.13,"https://www.genecards.org/cgi-bin/carddisp.pl?gene=MRPS16P2"
"MRPS17P1","Mitochondrial Ribosomal Protein S17 Pseudogene 1","Pseudogene",9,"GC01M044990",0.13,"https://www.genecards.org/cgi-bin/carddisp.pl?gene=MRPS17P1"
"MRPS5P3","Mitochondrial Ribosomal Protein S5 Pseudogene 3","Pseudogene",9,"GC05M127142",0.13,"https://www.genecards.org/cgi-bin/carddisp.pl?gene=MRPS5P3"
"MRPS5P4","Mitochondrial Ribosomal Protein S5 Pseudogene 4","Pseudogene",9,"GC18P060519",0.13,"https://www.genecards.org/cgi-bin/carddisp.pl?gene=MRPS5P4"
"MRPS6P1","Mitochondrial Ribosomal Protein S6 Pseudogene 1","Pseudogene",9,"GC01M026273",0.13,"https://www.genecards.org/cgi-bin/carddisp.pl?gene=MRPS6P1"
"MRPS6P2","Mitochondrial Ribosomal Protein S6 Pseudogene 2","Pseudogene",9,"GC01P050846",0.13,"https://www.genecards.org/cgi-bin/carddisp.pl?gene=MRPS6P2"
"MRPS6P4","Mitochondrial Ribosomal Protein S6 Pseudogene 4","Pseudogene",9,"GC12P089319",0.13,"https://www.genecards.org/cgi-bin/carddisp.pl?gene=MRPS6P4"
"MRPS7P2","Mitochondrial Ribosomal Protein S7 Pseudogene 2","Pseudogene",9,"GC12P015805",0.13,"https://www.genecards.org/cgi-bin/carddisp.pl?gene=MRPS7P2"
"TUFMP1","Tu Translation Elongation Factor, Mitochondrial Pseudogene 1","Pseudogene",9,"GC17M027148",0.13,"https://www.genecards.org/cgi-bin/carddisp.pl?gene=TUFMP1"
"TFAMP2","Transcription Factor A, Mitochondrial Pseudogene 2","Pseudogene",9,"GC11M109905",0.13,"https://www.genecards.org/cgi-bin/carddisp.pl?gene=TFAMP2"
"LOC260339","Transcription Factor A, Mitochondrial Pseudogene","Pseudogene",8,"GC06M121478",0.13,"https://www.genecards.org/cgi-bin/carddisp.pl?gene=LOC260339"
"MRPS17P5","Mitochondrial Ribosomal Protein S17 Pseudogene 5","Pseudogene",8,"GC06P127909",0.13,"https://www.genecards.org/cgi-bin/carddisp.pl?gene=MRPS17P5"
"MRPS17P9","Mitochondrial Ribosomal Protein S17 Pseudogene 9","Pseudogene",8,"GC0XP119380",0.13,"https://www.genecards.org/cgi-bin/carddisp.pl?gene=MRPS17P9"
"MRPS18CP3","Mitochondrial Ribosomal Protein S18C Pseudogene 3","Pseudogene",8,"GC08P018086",0.13,"https://www.genecards.org/cgi-bin/carddisp.pl?gene=MRPS18CP3"
"MRPS22P1","Mitochondrial Ribosomal Protein S22 Pseudogene 1","Pseudogene",8,"GC0XM087807",0.13,"https://www.genecards.org/cgi-bin/carddisp.pl?gene=MRPS22P1"
"MRPS25P1","Mitochondrial Ribosomal Protein S25 Pseudogene 1","Pseudogene",8,"GC04P080321",0.13,"https://www.genecards.org/cgi-bin/carddisp.pl?gene=MRPS25P1"
"MRPS33P1","Mitochondrial Ribosomal Protein S33 Pseudogene 1","Pseudogene",8,"GC01M154377",0.13,"https://www.genecards.org/cgi-bin/carddisp.pl?gene=MRPS33P1"
"MRPS33P3","Mitochondrial Ribosomal Protein S33 Pseudogene 3","Pseudogene",8,"GC04P115143",0.13,"https://www.genecards.org/cgi-bin/carddisp.pl?gene=MRPS33P3"
"MRPS33P4","Mitochondrial Ribosomal Protein S33 Pseudogene 4","Pseudogene",8,"GC20P052511",0.13,"https://www.genecards.org/cgi-bin/carddisp.pl?gene=MRPS33P4"
"MRPS35P1","Mitochondrial Ribosomal Protein S35 Pseudogene 1","Pseudogene",8,"GC03P005463",0.13,"https://www.genecards.org/cgi-bin/carddisp.pl?gene=MRPS35P1"
"MRPL32P1","Mitochondrial Ribosomal Protein L32 Pseudogene 1","Pseudogene",8,"GC0XM048583",0.13,"https://www.genecards.org/cgi-bin/carddisp.pl?gene=MRPL32P1"
"MRPL45P1","Mitochondrial Ribosomal Protein L45 Pseudogene 1","Pseudogene",8,"GC02M088381",0.13,"https://www.genecards.org/cgi-bin/carddisp.pl?gene=MRPL45P1"
"MRPL49P1","Mitochondrial Ribosomal Protein L49 Pseudogene 1","Pseudogene",8,"GC05P064674",0.13,"https://www.genecards.org/cgi-bin/carddisp.pl?gene=MRPL49P1"
"MRPL50P2","Mitochondrial Ribosomal Protein L50 Pseudogene 2","Pseudogene",8,"GC02M203315",0.13,"https://www.genecards.org/cgi-bin/carddisp.pl?gene=MRPL50P2"
"MRPL51P1","Mitochondrial Ribosomal Protein L51 Pseudogene 1","Pseudogene",8,"GC04M027424",0.13,"https://www.genecards.org/cgi-bin/carddisp.pl?gene=MRPL51P1"
"MRPL57P2","Mitochondrial Ribosomal Protein L57 Pseudogene 2","Pseudogene",8,"GC01M227572",0.13,"https://www.genecards.org/cgi-bin/carddisp.pl?gene=MRPL57P2"
"MRPL57P7","Mitochondrial Ribosomal Protein L57 Pseudogene 7","Pseudogene",8,"GC08M098906",0.13,"https://www.genecards.org/cgi-bin/carddisp.pl?gene=MRPL57P7"
"MRPL57P8","Mitochondrial Ribosomal Protein L57 Pseudogene 8","Pseudogene",8,"GC14M035219",0.13,"https://www.genecards.org/cgi-bin/carddisp.pl?gene=MRPL57P8"
"MRPL57P9","Mitochondrial Ribosomal Protein L57 Pseudogene 9","Pseudogene",8,"GC14P050917",0.13,"https://www.genecards.org/cgi-bin/carddisp.pl?gene=MRPL57P9"
"MRPS10P5","Mitochondrial Ribosomal Protein S10 Pseudogene 5","Pseudogene",8,"GC09M037835",0.13,"https://www.genecards.org/cgi-bin/carddisp.pl?gene=MRPS10P5"
"MRPS15P1","Mitochondrial Ribosomal Protein S15 Pseudogene 1","Pseudogene",8,"GC15M073483",0.13,"https://www.genecards.org/cgi-bin/carddisp.pl?gene=MRPS15P1"
"MRPS16P1","Mitochondrial Ribosomal Protein S16 Pseudogene 1","Pseudogene",8,"GC08P091917",0.13,"https://www.genecards.org/cgi-bin/carddisp.pl?gene=MRPS16P1"
"MRPS36P6","Mitochondrial Ribosomal Protein S36 Pseudogene 6","Pseudogene",8,"GC20M013405",0.13,"https://www.genecards.org/cgi-bin/carddisp.pl?gene=MRPS36P6"
"MRPS7P1","Mitochondrial Ribosomal Protein S7 Pseudogene 1","Pseudogene",8,"GC08M036771",0.13,"https://www.genecards.org/cgi-bin/carddisp.pl?gene=MRPS7P1"
"LOC359819","Mitochondrial Ribosomal Protein L39 Pseudogene","Pseudogene",7,"GC05M067689",0.13,"https://www.genecards.org/cgi-bin/carddisp.pl?gene=LOC359819"
"MRPL14P1","Mitochondrial Ribosomal Protein L14 Pseudogene 1","Pseudogene",7,"GC17P001059",0.13,"https://www.genecards.org/cgi-bin/carddisp.pl?gene=MRPL14P1"
"MRPS21P4","Mitochondrial Ribosomal Protein S21 Pseudogene 4","Pseudogene",7,"GC09P036400",0.13,"https://www.genecards.org/cgi-bin/carddisp.pl?gene=MRPS21P4"
"MRPS31P1","Mitochondrial Ribosomal Protein S31 Pseudogene 1","Pseudogene",7,"GC03P041230",0.13,"https://www.genecards.org/cgi-bin/carddisp.pl?gene=MRPS31P1"
"MRPL3P1","Mitochondrial Ribosomal Protein L3 Pseudogene 1","Pseudogene",7,"GC13M019304",0.13,"https://www.genecards.org/cgi-bin/carddisp.pl?gene=MRPL3P1"
"MRPL57P1","Mitochondrial Ribosomal Protein L57 Pseudogene 1","Pseudogene",7,"GC01M114279",0.13,"https://www.genecards.org/cgi-bin/carddisp.pl?gene=MRPL57P1"
"MRPL57P10","Mitochondrial Ribosomal Protein L57 Pseudogene 10","Pseudogene",7,"GC0YP010156",0.13,"https://www.genecards.org/cgi-bin/carddisp.pl?gene=MRPL57P10"
"LOC348958","Mitochondrial Ribosomal Protein L10 Pseudogene","Pseudogene",6,"GC05P119680",0.13,"https://www.genecards.org/cgi-bin/carddisp.pl?gene=LOC348958"
"MRPL11P3","Mitochondrial Ribosomal Protein L11 Pseudogene 3","Pseudogene",6,"GC12M078473",0.13,"https://www.genecards.org/cgi-bin/carddisp.pl?gene=MRPL11P3"
"MRPL30P1","Mitochondrial Ribosomal Protein L30 Pseudogene 1","Pseudogene",6,"GC06P057029",0.13,"https://www.genecards.org/cgi-bin/carddisp.pl?gene=MRPL30P1"
"MRPS17P6","Mitochondrial Ribosomal Protein S17 Pseudogene 6","Pseudogene",6,"GC14P021291",0.13,"https://www.genecards.org/cgi-bin/carddisp.pl?gene=MRPS17P6"
